{
  "Total" : {
    "transaction" : "Total",
    "sampleCount" : 210,
    "errorCount" : 2,
    "errorPct" : 0.95238096,
    "meanResTime" : 5036.480952380953,
    "medianResTime" : 4237.0,
    "minResTime" : 1934.0,
    "maxResTime" : 24684.0,
    "pct1ResTime" : 7957.6,
    "pct2ResTime" : 10350.0,
    "pct3ResTime" : 20710.079999999958,
    "throughput" : 6.915629322268326,
    "receivedKBytesPerSec" : 431.5804862963512,
    "sentKBytesPerSec" : 0.8160854244879141
  },
  "HTTP Request" : {
    "transaction" : "HTTP Request",
    "sampleCount" : 210,
    "errorCount" : 2,
    "errorPct" : 0.95238096,
    "meanResTime" : 5036.480952380953,
    "medianResTime" : 4237.0,
    "minResTime" : 1934.0,
    "maxResTime" : 24684.0,
    "pct1ResTime" : 7957.6,
    "pct2ResTime" : 10350.0,
    "pct3ResTime" : 20710.079999999958,
    "throughput" : 6.915629322268326,
    "receivedKBytesPerSec" : 431.5804862963512,
    "sentKBytesPerSec" : 0.8160854244879141
  }
}