{
  "Total" : {
    "transaction" : "Total",
    "sampleCount" : 15,
    "errorCount" : 0,
    "errorPct" : 0.0,
    "meanResTime" : 4507.533333333334,
    "medianResTime" : 4223.0,
    "minResTime" : 2894.0,
    "maxResTime" : 11083.0,
    "pct1ResTime" : 7965.4000000000015,
    "pct2ResTime" : 11083.0,
    "pct3ResTime" : 11083.0,
    "throughput" : 1.2418246543588045,
    "receivedKBytesPerSec" : 78.2191878725474,
    "sentKBytesPerSec" : 0.14795176546071695
  },
  "Twenty user" : {
    "transaction" : "Twenty user",
    "sampleCount" : 15,
    "errorCount" : 0,
    "errorPct" : 0.0,
    "meanResTime" : 4507.533333333334,
    "medianResTime" : 4223.0,
    "minResTime" : 2894.0,
    "maxResTime" : 11083.0,
    "pct1ResTime" : 7965.4000000000015,
    "pct2ResTime" : 11083.0,
    "pct3ResTime" : 11083.0,
    "throughput" : 1.2418246543588045,
    "receivedKBytesPerSec" : 78.2191878725474,
    "sentKBytesPerSec" : 0.14795176546071695
  }
}