{
  "Total" : {
    "transaction" : "Total",
    "sampleCount" : 250,
    "errorCount" : 1,
    "errorPct" : 0.4,
    "meanResTime" : 4328.731999999999,
    "medianResTime" : 3301.5,
    "minResTime" : 2004.0,
    "maxResTime" : 82407.0,
    "pct1ResTime" : 6180.800000000001,
    "pct2ResTime" : 8080.8,
    "pct3ResTime" : 20075.420000000093,
    "throughput" : 2.7148829885431938,
    "receivedKBytesPerSec" : 170.33400696367488,
    "sentKBytesPerSec" : 0.32215904463267636
  },
  "HTTP Request" : {
    "transaction" : "HTTP Request",
    "sampleCount" : 250,
    "errorCount" : 1,
    "errorPct" : 0.4,
    "meanResTime" : 4328.731999999999,
    "medianResTime" : 3301.5,
    "minResTime" : 2004.0,
    "maxResTime" : 82407.0,
    "pct1ResTime" : 6180.800000000001,
    "pct2ResTime" : 8080.8,
    "pct3ResTime" : 20075.420000000093,
    "throughput" : 2.7148829885431938,
    "receivedKBytesPerSec" : 170.33400696367488,
    "sentKBytesPerSec" : 0.32215904463267636
  }
}