{
  "Total" : {
    "transaction" : "Total",
    "sampleCount" : 30,
    "errorCount" : 0,
    "errorPct" : 0.0,
    "meanResTime" : 5835.5666666666675,
    "medianResTime" : 5306.0,
    "minResTime" : 2192.0,
    "maxResTime" : 13732.0,
    "pct1ResTime" : 9542.4,
    "pct2ResTime" : 11732.199999999997,
    "pct3ResTime" : 13732.0,
    "throughput" : 2.162785667940307,
    "receivedKBytesPerSec" : 136.22803984031432,
    "sentKBytesPerSec" : 0.25767563621945067
  },
  "HTTP Request" : {
    "transaction" : "HTTP Request",
    "sampleCount" : 30,
    "errorCount" : 0,
    "errorPct" : 0.0,
    "meanResTime" : 5835.5666666666675,
    "medianResTime" : 5306.0,
    "minResTime" : 2192.0,
    "maxResTime" : 13732.0,
    "pct1ResTime" : 9542.4,
    "pct2ResTime" : 11732.199999999997,
    "pct3ResTime" : 13732.0,
    "throughput" : 2.162785667940307,
    "receivedKBytesPerSec" : 136.22803984031432,
    "sentKBytesPerSec" : 0.25767563621945067
  }
}