{
  "Total" : {
    "transaction" : "Total",
    "sampleCount" : 45,
    "errorCount" : 1,
    "errorPct" : 2.2222223,
    "meanResTime" : 4109.977777777777,
    "medianResTime" : 3285.0,
    "minResTime" : 2001.0,
    "maxResTime" : 24623.0,
    "pct1ResTime" : 6938.599999999999,
    "pct2ResTime" : 7683.699999999998,
    "pct3ResTime" : 24623.0,
    "throughput" : 1.551884677725282,
    "receivedKBytesPerSec" : 95.62202824861193,
    "sentKBytesPerSec" : 0.18078378797806668
  },
  "HTTP Request" : {
    "transaction" : "HTTP Request",
    "sampleCount" : 45,
    "errorCount" : 1,
    "errorPct" : 2.2222223,
    "meanResTime" : 4109.977777777777,
    "medianResTime" : 3285.0,
    "minResTime" : 2001.0,
    "maxResTime" : 24623.0,
    "pct1ResTime" : 6938.599999999999,
    "pct2ResTime" : 7683.699999999998,
    "pct3ResTime" : 24623.0,
    "throughput" : 1.551884677725282,
    "receivedKBytesPerSec" : 95.62202824861193,
    "sentKBytesPerSec" : 0.18078378797806668
  }
}