{
  "Total" : {
    "transaction" : "Total",
    "sampleCount" : 90,
    "errorCount" : 0,
    "errorPct" : 0.0,
    "meanResTime" : 4227.566666666667,
    "medianResTime" : 3322.0,
    "minResTime" : 2201.0,
    "maxResTime" : 13272.0,
    "pct1ResTime" : 6839.3,
    "pct2ResTime" : 9250.350000000002,
    "pct3ResTime" : 13272.0,
    "throughput" : 4.407227853680035,
    "receivedKBytesPerSec" : 277.59940364698105,
    "sentKBytesPerSec" : 0.5250798810048479
  },
  "HTTP Request" : {
    "transaction" : "HTTP Request",
    "sampleCount" : 90,
    "errorCount" : 0,
    "errorPct" : 0.0,
    "meanResTime" : 4227.566666666667,
    "medianResTime" : 3322.0,
    "minResTime" : 2201.0,
    "maxResTime" : 13272.0,
    "pct1ResTime" : 6839.3,
    "pct2ResTime" : 9250.350000000002,
    "pct3ResTime" : 13272.0,
    "throughput" : 4.407227853680035,
    "receivedKBytesPerSec" : 277.59940364698105,
    "sentKBytesPerSec" : 0.5250798810048479
  }
}